{"cameraMode":{"drawMode":0,"name":"Shaded","section":"Shading Mode"},"sceneLighting":false,"audioPlay":false,"sceneViewState":{"showFog":false,"showMaterialUpdate":false,"showSkybox":false,"showFlares":false,"showImageEffects":false,"showParticleSystems":false},"in2DMode":false,"pivot":{"x":0.0034531280398368837,"y":-0.00014230661327019334,"z":-0.00002844305709004402},"rotation":{"x":0.04606790468096733,"y":0.9507730603218079,"z":-0.25273269414901736,"w":0.1733076125383377},"size":0.004620885010808706,"orthographic":false}