{"cameraMode":{"drawMode":0,"name":"Shaded","section":"Shading Mode"},"sceneLighting":true,"audioPlay":false,"sceneViewState":{"showFog":false,"showMaterialUpdate":false,"showSkybox":false,"showFlares":false,"showImageEffects":false,"showParticleSystems":false},"in2DMode":false,"pivot":{"x":-10.78600025177002,"y":-4.926000118255615,"z":-2.950000047683716},"rotation":{"x":0.04037538170814514,"y":0.9385884404182434,"z":-0.1177566796541214,"w":0.3218053877353668},"size":7.244753360748291,"orthographic":false}